hypothesis	mss_tumours	ratio	power	carrier_rate	stage_iv_others	odds_ratio
H1	1000	1.500	0.370			
H1	1000	2.000	0.818			
H1	1000	3.000	0.998			
H2	1000		0.194	0.060	0.050	1.500
H2	1000		0.439	0.060	0.050	2.000
H2	1000		0.800	0.060	0.050	2.800
H2	1000		0.247	0.060	0.080	1.500
H2	1000		0.566	0.060	0.080	2.000
H2	1000		0.907	0.060	0.080	2.800
H2	1000		0.304	0.060	0.120	1.500
H2	1000		0.675	0.060	0.120	2.000
H2	1000		0.958	0.060	0.120	2.800
H2	1000		0.240	0.090	0.050	1.500
H2	1000		0.553	0.090	0.050	2.000
H2	1000		0.903	0.090	0.050	2.800
H2	1000		0.311	0.090	0.080	1.500
H2	1000		0.697	0.090	0.080	2.000
H2	1000		0.970	0.090	0.080	2.800
H2	1000		0.387	0.090	0.120	1.500
H2	1000		0.806	0.090	0.120	2.000
H2	1000		0.991	0.090	0.120	2.800
H1	1400	1.500	0.514			
H1	1400	2.000	0.930			
H1	1400	3.000	1.000			
H2	1400		0.236	0.060	0.050	1.500
H2	1400		0.548	0.060	0.050	2.000
H2	1400		0.903	0.060	0.050	2.800
H2	1400		0.306	0.060	0.080	1.500
H2	1400		0.691	0.060	0.080	2.000
H2	1400		0.969	0.060	0.080	2.800
H2	1400		0.380	0.060	0.120	1.500
H2	1400		0.799	0.060	0.120	2.000
H2	1400		0.990	0.060	0.120	2.800
H2	1400		0.296	0.090	0.050	1.500
H2	1400		0.677	0.090	0.050	2.000
H2	1400		0.967	0.090	0.050	2.800
H2	1400		0.389	0.090	0.080	1.500
H2	1400		0.819	0.090	0.080	2.000
H2	1400		0.994	0.090	0.080	2.800
H2	1400		0.485	0.090	0.120	1.500
H2	1400		0.907	0.090	0.120	2.000
H2	1400		0.999	0.090	0.120	2.800
H1	1700	1.500	0.580			
H1	1700	2.000	0.963			
H1	1700	3.000	1.000			
H2	1700		0.266	0.060	0.050	1.500
H2	1700		0.618	0.060	0.050	2.000
H2	1700		0.945	0.060	0.050	2.800
H2	1700		0.348	0.060	0.080	1.500
H2	1700		0.763	0.060	0.080	2.000
H2	1700		0.987	0.060	0.080	2.800
H2	1700		0.433	0.060	0.120	1.500
H2	1700		0.863	0.060	0.120	2.000
H2	1700		0.997	0.060	0.120	2.800
H2	1700		0.336	0.090	0.050	1.500
H2	1700		0.749	0.090	0.050	2.000
H2	1700		0.986	0.090	0.050	2.800
H2	1700		0.443	0.090	0.080	1.500
H2	1700		0.879	0.090	0.080	2.000
H2	1700		0.998	0.090	0.080	2.800
H2	1700		0.550	0.090	0.120	1.500
H2	1700		0.948	0.090	0.120	2.000
H2	1700		1.000	0.090	0.120	2.800
