SET	SYMBOL
REACTOME_ACTIVATION_OF_ANTERIOR_HOX_GENES_IN_HINDBRAIN_DEVELOPMENT_DURING_EARLY_EMBRYOGENESIS	AJUBA
REACTOME_ACTIVATION_OF_ANTERIOR_HOX_GENES_IN_HINDBRAIN_DEVELOPMENT_DURING_EARLY_EMBRYOGENESIS	ASH2L
REACTOME_ACTIVATION_OF_ANTERIOR_HOX_GENES_IN_HINDBRAIN_DEVELOPMENT_DURING_EARLY_EMBRYOGENESIS	CNOT6
REACTOME_ACTIVATION_OF_ANTERIOR_HOX_GENES_IN_HINDBRAIN_DEVELOPMENT_DURING_EARLY_EMBRYOGENESIS	CNOT9
REACTOME_ACTIVATION_OF_ANTERIOR_HOX_GENES_IN_HINDBRAIN_DEVELOPMENT_DURING_EARLY_EMBRYOGENESIS	CREBBP
REACTOME_ACTIVATION_OF_ANTERIOR_HOX_GENES_IN_HINDBRAIN_DEVELOPMENT_DURING_EARLY_EMBRYOGENESIS	CTCF
REACTOME_ACTIVATION_OF_ANTERIOR_HOX_GENES_IN_HINDBRAIN_DEVELOPMENT_DURING_EARLY_EMBRYOGENESIS	EED
REACTOME_ACTIVATION_OF_ANTERIOR_HOX_GENES_IN_HINDBRAIN_DEVELOPMENT_DURING_EARLY_EMBRYOGENESIS	EGR2
REACTOME_ACTIVATION_OF_ANTERIOR_HOX_GENES_IN_HINDBRAIN_DEVELOPMENT_DURING_EARLY_EMBRYOGENESIS	EP300
REACTOME_ACTIVATION_OF_ANTERIOR_HOX_GENES_IN_HINDBRAIN_DEVELOPMENT_DURING_EARLY_EMBRYOGENESIS	EZH2
REACTOME_ACTIVATION_OF_ANTERIOR_HOX_GENES_IN_HINDBRAIN_DEVELOPMENT_DURING_EARLY_EMBRYOGENESIS	H2AB1
REACTOME_ACTIVATION_OF_ANTERIOR_HOX_GENES_IN_HINDBRAIN_DEVELOPMENT_DURING_EARLY_EMBRYOGENESIS	H2AC14
REACTOME_ACTIVATION_OF_ANTERIOR_HOX_GENES_IN_HINDBRAIN_DEVELOPMENT_DURING_EARLY_EMBRYOGENESIS	H2AC20
REACTOME_ACTIVATION_OF_ANTERIOR_HOX_GENES_IN_HINDBRAIN_DEVELOPMENT_DURING_EARLY_EMBRYOGENESIS	H2AC4
REACTOME_ACTIVATION_OF_ANTERIOR_HOX_GENES_IN_HINDBRAIN_DEVELOPMENT_DURING_EARLY_EMBRYOGENESIS	H2AC6
REACTOME_ACTIVATION_OF_ANTERIOR_HOX_GENES_IN_HINDBRAIN_DEVELOPMENT_DURING_EARLY_EMBRYOGENESIS	H2AC7
REACTOME_ACTIVATION_OF_ANTERIOR_HOX_GENES_IN_HINDBRAIN_DEVELOPMENT_DURING_EARLY_EMBRYOGENESIS	H2AC8
REACTOME_ACTIVATION_OF_ANTERIOR_HOX_GENES_IN_HINDBRAIN_DEVELOPMENT_DURING_EARLY_EMBRYOGENESIS	H2AJ
REACTOME_ACTIVATION_OF_ANTERIOR_HOX_GENES_IN_HINDBRAIN_DEVELOPMENT_DURING_EARLY_EMBRYOGENESIS	H2AX
REACTOME_ACTIVATION_OF_ANTERIOR_HOX_GENES_IN_HINDBRAIN_DEVELOPMENT_DURING_EARLY_EMBRYOGENESIS	H2AZ1
REACTOME_ACTIVATION_OF_ANTERIOR_HOX_GENES_IN_HINDBRAIN_DEVELOPMENT_DURING_EARLY_EMBRYOGENESIS	H2AZ2
REACTOME_ACTIVATION_OF_ANTERIOR_HOX_GENES_IN_HINDBRAIN_DEVELOPMENT_DURING_EARLY_EMBRYOGENESIS	H2BC1
REACTOME_ACTIVATION_OF_ANTERIOR_HOX_GENES_IN_HINDBRAIN_DEVELOPMENT_DURING_EARLY_EMBRYOGENESIS	H2BC10
REACTOME_ACTIVATION_OF_ANTERIOR_HOX_GENES_IN_HINDBRAIN_DEVELOPMENT_DURING_EARLY_EMBRYOGENESIS	H2BC11
REACTOME_ACTIVATION_OF_ANTERIOR_HOX_GENES_IN_HINDBRAIN_DEVELOPMENT_DURING_EARLY_EMBRYOGENESIS	H2BC12
REACTOME_ACTIVATION_OF_ANTERIOR_HOX_GENES_IN_HINDBRAIN_DEVELOPMENT_DURING_EARLY_EMBRYOGENESIS	H2BC13
REACTOME_ACTIVATION_OF_ANTERIOR_HOX_GENES_IN_HINDBRAIN_DEVELOPMENT_DURING_EARLY_EMBRYOGENESIS	H2BC14
REACTOME_ACTIVATION_OF_ANTERIOR_HOX_GENES_IN_HINDBRAIN_DEVELOPMENT_DURING_EARLY_EMBRYOGENESIS	H2BC15
REACTOME_ACTIVATION_OF_ANTERIOR_HOX_GENES_IN_HINDBRAIN_DEVELOPMENT_DURING_EARLY_EMBRYOGENESIS	H2BC17
REACTOME_ACTIVATION_OF_ANTERIOR_HOX_GENES_IN_HINDBRAIN_DEVELOPMENT_DURING_EARLY_EMBRYOGENESIS	H2BC21
REACTOME_ACTIVATION_OF_ANTERIOR_HOX_GENES_IN_HINDBRAIN_DEVELOPMENT_DURING_EARLY_EMBRYOGENESIS	H2BC3
REACTOME_ACTIVATION_OF_ANTERIOR_HOX_GENES_IN_HINDBRAIN_DEVELOPMENT_DURING_EARLY_EMBRYOGENESIS	H2BC4
REACTOME_ACTIVATION_OF_ANTERIOR_HOX_GENES_IN_HINDBRAIN_DEVELOPMENT_DURING_EARLY_EMBRYOGENESIS	H2BC5
REACTOME_ACTIVATION_OF_ANTERIOR_HOX_GENES_IN_HINDBRAIN_DEVELOPMENT_DURING_EARLY_EMBRYOGENESIS	H2BC6
REACTOME_ACTIVATION_OF_ANTERIOR_HOX_GENES_IN_HINDBRAIN_DEVELOPMENT_DURING_EARLY_EMBRYOGENESIS	H2BC7
REACTOME_ACTIVATION_OF_ANTERIOR_HOX_GENES_IN_HINDBRAIN_DEVELOPMENT_DURING_EARLY_EMBRYOGENESIS	H2BC8
REACTOME_ACTIVATION_OF_ANTERIOR_HOX_GENES_IN_HINDBRAIN_DEVELOPMENT_DURING_EARLY_EMBRYOGENESIS	H2BC9
REACTOME_ACTIVATION_OF_ANTERIOR_HOX_GENES_IN_HINDBRAIN_DEVELOPMENT_DURING_EARLY_EMBRYOGENESIS	H2BS1
REACTOME_ACTIVATION_OF_ANTERIOR_HOX_GENES_IN_HINDBRAIN_DEVELOPMENT_DURING_EARLY_EMBRYOGENESIS	H2BU1
REACTOME_ACTIVATION_OF_ANTERIOR_HOX_GENES_IN_HINDBRAIN_DEVELOPMENT_DURING_EARLY_EMBRYOGENESIS	H3-3A
REACTOME_ACTIVATION_OF_ANTERIOR_HOX_GENES_IN_HINDBRAIN_DEVELOPMENT_DURING_EARLY_EMBRYOGENESIS	H3-3B
REACTOME_ACTIVATION_OF_ANTERIOR_HOX_GENES_IN_HINDBRAIN_DEVELOPMENT_DURING_EARLY_EMBRYOGENESIS	H3C1
REACTOME_ACTIVATION_OF_ANTERIOR_HOX_GENES_IN_HINDBRAIN_DEVELOPMENT_DURING_EARLY_EMBRYOGENESIS	H3C10
REACTOME_ACTIVATION_OF_ANTERIOR_HOX_GENES_IN_HINDBRAIN_DEVELOPMENT_DURING_EARLY_EMBRYOGENESIS	H3C11
REACTOME_ACTIVATION_OF_ANTERIOR_HOX_GENES_IN_HINDBRAIN_DEVELOPMENT_DURING_EARLY_EMBRYOGENESIS	H3C12
REACTOME_ACTIVATION_OF_ANTERIOR_HOX_GENES_IN_HINDBRAIN_DEVELOPMENT_DURING_EARLY_EMBRYOGENESIS	H3C13
REACTOME_ACTIVATION_OF_ANTERIOR_HOX_GENES_IN_HINDBRAIN_DEVELOPMENT_DURING_EARLY_EMBRYOGENESIS	H3C14
REACTOME_ACTIVATION_OF_ANTERIOR_HOX_GENES_IN_HINDBRAIN_DEVELOPMENT_DURING_EARLY_EMBRYOGENESIS	H3C15
REACTOME_ACTIVATION_OF_ANTERIOR_HOX_GENES_IN_HINDBRAIN_DEVELOPMENT_DURING_EARLY_EMBRYOGENESIS	H3C2
REACTOME_ACTIVATION_OF_ANTERIOR_HOX_GENES_IN_HINDBRAIN_DEVELOPMENT_DURING_EARLY_EMBRYOGENESIS	H3C3
REACTOME_ACTIVATION_OF_ANTERIOR_HOX_GENES_IN_HINDBRAIN_DEVELOPMENT_DURING_EARLY_EMBRYOGENESIS	H3C4
REACTOME_ACTIVATION_OF_ANTERIOR_HOX_GENES_IN_HINDBRAIN_DEVELOPMENT_DURING_EARLY_EMBRYOGENESIS	H3C6
REACTOME_ACTIVATION_OF_ANTERIOR_HOX_GENES_IN_HINDBRAIN_DEVELOPMENT_DURING_EARLY_EMBRYOGENESIS	H3C7
REACTOME_ACTIVATION_OF_ANTERIOR_HOX_GENES_IN_HINDBRAIN_DEVELOPMENT_DURING_EARLY_EMBRYOGENESIS	H3C8
REACTOME_ACTIVATION_OF_ANTERIOR_HOX_GENES_IN_HINDBRAIN_DEVELOPMENT_DURING_EARLY_EMBRYOGENESIS	H4-16
REACTOME_ACTIVATION_OF_ANTERIOR_HOX_GENES_IN_HINDBRAIN_DEVELOPMENT_DURING_EARLY_EMBRYOGENESIS	H4C1
REACTOME_ACTIVATION_OF_ANTERIOR_HOX_GENES_IN_HINDBRAIN_DEVELOPMENT_DURING_EARLY_EMBRYOGENESIS	H4C11
REACTOME_ACTIVATION_OF_ANTERIOR_HOX_GENES_IN_HINDBRAIN_DEVELOPMENT_DURING_EARLY_EMBRYOGENESIS	H4C12
REACTOME_ACTIVATION_OF_ANTERIOR_HOX_GENES_IN_HINDBRAIN_DEVELOPMENT_DURING_EARLY_EMBRYOGENESIS	H4C13
REACTOME_ACTIVATION_OF_ANTERIOR_HOX_GENES_IN_HINDBRAIN_DEVELOPMENT_DURING_EARLY_EMBRYOGENESIS	H4C14
REACTOME_ACTIVATION_OF_ANTERIOR_HOX_GENES_IN_HINDBRAIN_DEVELOPMENT_DURING_EARLY_EMBRYOGENESIS	H4C15
REACTOME_ACTIVATION_OF_ANTERIOR_HOX_GENES_IN_HINDBRAIN_DEVELOPMENT_DURING_EARLY_EMBRYOGENESIS	H4C2
REACTOME_ACTIVATION_OF_ANTERIOR_HOX_GENES_IN_HINDBRAIN_DEVELOPMENT_DURING_EARLY_EMBRYOGENESIS	H4C3
REACTOME_ACTIVATION_OF_ANTERIOR_HOX_GENES_IN_HINDBRAIN_DEVELOPMENT_DURING_EARLY_EMBRYOGENESIS	H4C4
REACTOME_ACTIVATION_OF_ANTERIOR_HOX_GENES_IN_HINDBRAIN_DEVELOPMENT_DURING_EARLY_EMBRYOGENESIS	H4C5
REACTOME_ACTIVATION_OF_ANTERIOR_HOX_GENES_IN_HINDBRAIN_DEVELOPMENT_DURING_EARLY_EMBRYOGENESIS	H4C6
REACTOME_ACTIVATION_OF_ANTERIOR_HOX_GENES_IN_HINDBRAIN_DEVELOPMENT_DURING_EARLY_EMBRYOGENESIS	H4C8
REACTOME_ACTIVATION_OF_ANTERIOR_HOX_GENES_IN_HINDBRAIN_DEVELOPMENT_DURING_EARLY_EMBRYOGENESIS	H4C9
REACTOME_ACTIVATION_OF_ANTERIOR_HOX_GENES_IN_HINDBRAIN_DEVELOPMENT_DURING_EARLY_EMBRYOGENESIS	HDAC3
REACTOME_ACTIVATION_OF_ANTERIOR_HOX_GENES_IN_HINDBRAIN_DEVELOPMENT_DURING_EARLY_EMBRYOGENESIS	HOXA1
REACTOME_ACTIVATION_OF_ANTERIOR_HOX_GENES_IN_HINDBRAIN_DEVELOPMENT_DURING_EARLY_EMBRYOGENESIS	HOXA2
REACTOME_ACTIVATION_OF_ANTERIOR_HOX_GENES_IN_HINDBRAIN_DEVELOPMENT_DURING_EARLY_EMBRYOGENESIS	HOXA3
REACTOME_ACTIVATION_OF_ANTERIOR_HOX_GENES_IN_HINDBRAIN_DEVELOPMENT_DURING_EARLY_EMBRYOGENESIS	HOXA4
REACTOME_ACTIVATION_OF_ANTERIOR_HOX_GENES_IN_HINDBRAIN_DEVELOPMENT_DURING_EARLY_EMBRYOGENESIS	HOXB1
REACTOME_ACTIVATION_OF_ANTERIOR_HOX_GENES_IN_HINDBRAIN_DEVELOPMENT_DURING_EARLY_EMBRYOGENESIS	HOXB2
REACTOME_ACTIVATION_OF_ANTERIOR_HOX_GENES_IN_HINDBRAIN_DEVELOPMENT_DURING_EARLY_EMBRYOGENESIS	HOXB3
REACTOME_ACTIVATION_OF_ANTERIOR_HOX_GENES_IN_HINDBRAIN_DEVELOPMENT_DURING_EARLY_EMBRYOGENESIS	HOXB4
REACTOME_ACTIVATION_OF_ANTERIOR_HOX_GENES_IN_HINDBRAIN_DEVELOPMENT_DURING_EARLY_EMBRYOGENESIS	HOXC4
REACTOME_ACTIVATION_OF_ANTERIOR_HOX_GENES_IN_HINDBRAIN_DEVELOPMENT_DURING_EARLY_EMBRYOGENESIS	HOXD1
REACTOME_ACTIVATION_OF_ANTERIOR_HOX_GENES_IN_HINDBRAIN_DEVELOPMENT_DURING_EARLY_EMBRYOGENESIS	HOXD3
REACTOME_ACTIVATION_OF_ANTERIOR_HOX_GENES_IN_HINDBRAIN_DEVELOPMENT_DURING_EARLY_EMBRYOGENESIS	HOXD4
REACTOME_ACTIVATION_OF_ANTERIOR_HOX_GENES_IN_HINDBRAIN_DEVELOPMENT_DURING_EARLY_EMBRYOGENESIS	JUN
REACTOME_ACTIVATION_OF_ANTERIOR_HOX_GENES_IN_HINDBRAIN_DEVELOPMENT_DURING_EARLY_EMBRYOGENESIS	KDM6A
REACTOME_ACTIVATION_OF_ANTERIOR_HOX_GENES_IN_HINDBRAIN_DEVELOPMENT_DURING_EARLY_EMBRYOGENESIS	KMT2C
REACTOME_ACTIVATION_OF_ANTERIOR_HOX_GENES_IN_HINDBRAIN_DEVELOPMENT_DURING_EARLY_EMBRYOGENESIS	KMT2D
REACTOME_ACTIVATION_OF_ANTERIOR_HOX_GENES_IN_HINDBRAIN_DEVELOPMENT_DURING_EARLY_EMBRYOGENESIS	MAFB
REACTOME_ACTIVATION_OF_ANTERIOR_HOX_GENES_IN_HINDBRAIN_DEVELOPMENT_DURING_EARLY_EMBRYOGENESIS	MEIS1
REACTOME_ACTIVATION_OF_ANTERIOR_HOX_GENES_IN_HINDBRAIN_DEVELOPMENT_DURING_EARLY_EMBRYOGENESIS	NCOA3
REACTOME_ACTIVATION_OF_ANTERIOR_HOX_GENES_IN_HINDBRAIN_DEVELOPMENT_DURING_EARLY_EMBRYOGENESIS	NCOA6
REACTOME_ACTIVATION_OF_ANTERIOR_HOX_GENES_IN_HINDBRAIN_DEVELOPMENT_DURING_EARLY_EMBRYOGENESIS	NCOR1
REACTOME_ACTIVATION_OF_ANTERIOR_HOX_GENES_IN_HINDBRAIN_DEVELOPMENT_DURING_EARLY_EMBRYOGENESIS	PAGR1
REACTOME_ACTIVATION_OF_ANTERIOR_HOX_GENES_IN_HINDBRAIN_DEVELOPMENT_DURING_EARLY_EMBRYOGENESIS	PAX6
REACTOME_ACTIVATION_OF_ANTERIOR_HOX_GENES_IN_HINDBRAIN_DEVELOPMENT_DURING_EARLY_EMBRYOGENESIS	PAXIP1
REACTOME_ACTIVATION_OF_ANTERIOR_HOX_GENES_IN_HINDBRAIN_DEVELOPMENT_DURING_EARLY_EMBRYOGENESIS	PBX1
REACTOME_ACTIVATION_OF_ANTERIOR_HOX_GENES_IN_HINDBRAIN_DEVELOPMENT_DURING_EARLY_EMBRYOGENESIS	PCGF2
REACTOME_ACTIVATION_OF_ANTERIOR_HOX_GENES_IN_HINDBRAIN_DEVELOPMENT_DURING_EARLY_EMBRYOGENESIS	PIAS2
REACTOME_ACTIVATION_OF_ANTERIOR_HOX_GENES_IN_HINDBRAIN_DEVELOPMENT_DURING_EARLY_EMBRYOGENESIS	PKNOX1
REACTOME_ACTIVATION_OF_ANTERIOR_HOX_GENES_IN_HINDBRAIN_DEVELOPMENT_DURING_EARLY_EMBRYOGENESIS	POLR2A
REACTOME_ACTIVATION_OF_ANTERIOR_HOX_GENES_IN_HINDBRAIN_DEVELOPMENT_DURING_EARLY_EMBRYOGENESIS	POLR2B
REACTOME_ACTIVATION_OF_ANTERIOR_HOX_GENES_IN_HINDBRAIN_DEVELOPMENT_DURING_EARLY_EMBRYOGENESIS	POLR2C
REACTOME_ACTIVATION_OF_ANTERIOR_HOX_GENES_IN_HINDBRAIN_DEVELOPMENT_DURING_EARLY_EMBRYOGENESIS	POLR2D
REACTOME_ACTIVATION_OF_ANTERIOR_HOX_GENES_IN_HINDBRAIN_DEVELOPMENT_DURING_EARLY_EMBRYOGENESIS	POLR2E
REACTOME_ACTIVATION_OF_ANTERIOR_HOX_GENES_IN_HINDBRAIN_DEVELOPMENT_DURING_EARLY_EMBRYOGENESIS	POLR2F
REACTOME_ACTIVATION_OF_ANTERIOR_HOX_GENES_IN_HINDBRAIN_DEVELOPMENT_DURING_EARLY_EMBRYOGENESIS	POLR2G
REACTOME_ACTIVATION_OF_ANTERIOR_HOX_GENES_IN_HINDBRAIN_DEVELOPMENT_DURING_EARLY_EMBRYOGENESIS	POLR2H
REACTOME_ACTIVATION_OF_ANTERIOR_HOX_GENES_IN_HINDBRAIN_DEVELOPMENT_DURING_EARLY_EMBRYOGENESIS	POLR2I
REACTOME_ACTIVATION_OF_ANTERIOR_HOX_GENES_IN_HINDBRAIN_DEVELOPMENT_DURING_EARLY_EMBRYOGENESIS	POLR2J
REACTOME_ACTIVATION_OF_ANTERIOR_HOX_GENES_IN_HINDBRAIN_DEVELOPMENT_DURING_EARLY_EMBRYOGENESIS	POLR2K
REACTOME_ACTIVATION_OF_ANTERIOR_HOX_GENES_IN_HINDBRAIN_DEVELOPMENT_DURING_EARLY_EMBRYOGENESIS	POLR2L
REACTOME_ACTIVATION_OF_ANTERIOR_HOX_GENES_IN_HINDBRAIN_DEVELOPMENT_DURING_EARLY_EMBRYOGENESIS	RARA
REACTOME_ACTIVATION_OF_ANTERIOR_HOX_GENES_IN_HINDBRAIN_DEVELOPMENT_DURING_EARLY_EMBRYOGENESIS	RARB
REACTOME_ACTIVATION_OF_ANTERIOR_HOX_GENES_IN_HINDBRAIN_DEVELOPMENT_DURING_EARLY_EMBRYOGENESIS	RARG
REACTOME_ACTIVATION_OF_ANTERIOR_HOX_GENES_IN_HINDBRAIN_DEVELOPMENT_DURING_EARLY_EMBRYOGENESIS	RBBP4
REACTOME_ACTIVATION_OF_ANTERIOR_HOX_GENES_IN_HINDBRAIN_DEVELOPMENT_DURING_EARLY_EMBRYOGENESIS	RBBP5
REACTOME_ACTIVATION_OF_ANTERIOR_HOX_GENES_IN_HINDBRAIN_DEVELOPMENT_DURING_EARLY_EMBRYOGENESIS	RBBP7
REACTOME_ACTIVATION_OF_ANTERIOR_HOX_GENES_IN_HINDBRAIN_DEVELOPMENT_DURING_EARLY_EMBRYOGENESIS	RXRA
REACTOME_ACTIVATION_OF_ANTERIOR_HOX_GENES_IN_HINDBRAIN_DEVELOPMENT_DURING_EARLY_EMBRYOGENESIS	SUZ12
REACTOME_ACTIVATION_OF_ANTERIOR_HOX_GENES_IN_HINDBRAIN_DEVELOPMENT_DURING_EARLY_EMBRYOGENESIS	WDR5
REACTOME_ACTIVATION_OF_ANTERIOR_HOX_GENES_IN_HINDBRAIN_DEVELOPMENT_DURING_EARLY_EMBRYOGENESIS	YY1
REACTOME_ACTIVATION_OF_ANTERIOR_HOX_GENES_IN_HINDBRAIN_DEVELOPMENT_DURING_EARLY_EMBRYOGENESIS	ZNF335
REACTOME_DEUBIQUITINATION	ABRAXAS1
REACTOME_DEUBIQUITINATION	ABRAXAS2
REACTOME_DEUBIQUITINATION	ACTB
REACTOME_DEUBIQUITINATION	ACTL6A
REACTOME_DEUBIQUITINATION	ACTR5
REACTOME_DEUBIQUITINATION	ACTR8
REACTOME_DEUBIQUITINATION	ADRB2
REACTOME_DEUBIQUITINATION	ADRM1
REACTOME_DEUBIQUITINATION	APC
REACTOME_DEUBIQUITINATION	AR
REACTOME_DEUBIQUITINATION	ARRB1
REACTOME_DEUBIQUITINATION	ARRB2
REACTOME_DEUBIQUITINATION	ASXL1
REACTOME_DEUBIQUITINATION	ASXL2
REACTOME_DEUBIQUITINATION	ATXN3
REACTOME_DEUBIQUITINATION	ATXN3L
REACTOME_DEUBIQUITINATION	ATXN7
REACTOME_DEUBIQUITINATION	AXIN1
REACTOME_DEUBIQUITINATION	AXIN2
REACTOME_DEUBIQUITINATION	BABAM1
REACTOME_DEUBIQUITINATION	BABAM2
REACTOME_DEUBIQUITINATION	BAP1
REACTOME_DEUBIQUITINATION	BARD1
REACTOME_DEUBIQUITINATION	BECN1
REACTOME_DEUBIQUITINATION	BIRC2
REACTOME_DEUBIQUITINATION	BIRC3
REACTOME_DEUBIQUITINATION	BRCA1
REACTOME_DEUBIQUITINATION	BRCC3
REACTOME_DEUBIQUITINATION	CCNA1
REACTOME_DEUBIQUITINATION	CCNA2
REACTOME_DEUBIQUITINATION	CCP110
REACTOME_DEUBIQUITINATION	CDC20
REACTOME_DEUBIQUITINATION	CDC25A
REACTOME_DEUBIQUITINATION	CDK1
REACTOME_DEUBIQUITINATION	CFTR
REACTOME_DEUBIQUITINATION	CLSPN
REACTOME_DEUBIQUITINATION	CYLD
REACTOME_DEUBIQUITINATION	DDB2
REACTOME_DEUBIQUITINATION	DDX58
REACTOME_DEUBIQUITINATION	EP300
REACTOME_DEUBIQUITINATION	ESR1
REACTOME_DEUBIQUITINATION	FKBP8
REACTOME_DEUBIQUITINATION	FOXK1
REACTOME_DEUBIQUITINATION	FOXK2
REACTOME_DEUBIQUITINATION	FOXO4
REACTOME_DEUBIQUITINATION	GATA3
REACTOME_DEUBIQUITINATION	H2AC1
REACTOME_DEUBIQUITINATION	H2AC11
REACTOME_DEUBIQUITINATION	H2AC12
REACTOME_DEUBIQUITINATION	H2AC13
REACTOME_DEUBIQUITINATION	H2AC14
REACTOME_DEUBIQUITINATION	H2AC15
REACTOME_DEUBIQUITINATION	H2AC16
REACTOME_DEUBIQUITINATION	H2AC17
REACTOME_DEUBIQUITINATION	H2AC20
REACTOME_DEUBIQUITINATION	H2AC21
REACTOME_DEUBIQUITINATION	H2AC4
REACTOME_DEUBIQUITINATION	H2AC6
REACTOME_DEUBIQUITINATION	H2AC7
REACTOME_DEUBIQUITINATION	H2AC8
REACTOME_DEUBIQUITINATION	H2AW
REACTOME_DEUBIQUITINATION	H2BC1
REACTOME_DEUBIQUITINATION	H2BC10
REACTOME_DEUBIQUITINATION	H2BC11
REACTOME_DEUBIQUITINATION	H2BC12
REACTOME_DEUBIQUITINATION	H2BC13
REACTOME_DEUBIQUITINATION	H2BC14
REACTOME_DEUBIQUITINATION	H2BC15
REACTOME_DEUBIQUITINATION	H2BC17
REACTOME_DEUBIQUITINATION	H2BC18
REACTOME_DEUBIQUITINATION	H2BC21
REACTOME_DEUBIQUITINATION	H2BC3
REACTOME_DEUBIQUITINATION	H2BC4
REACTOME_DEUBIQUITINATION	H2BC5
REACTOME_DEUBIQUITINATION	H2BC6
REACTOME_DEUBIQUITINATION	H2BC7
REACTOME_DEUBIQUITINATION	H2BC8
REACTOME_DEUBIQUITINATION	H2BC9
REACTOME_DEUBIQUITINATION	H2BU1
REACTOME_DEUBIQUITINATION	HCFC1
REACTOME_DEUBIQUITINATION	HGS
REACTOME_DEUBIQUITINATION	HIF1A
REACTOME_DEUBIQUITINATION	IDE
REACTOME_DEUBIQUITINATION	IFIH1
REACTOME_DEUBIQUITINATION	IKBKG
REACTOME_DEUBIQUITINATION	IL33
REACTOME_DEUBIQUITINATION	INO80
REACTOME_DEUBIQUITINATION	INO80B
REACTOME_DEUBIQUITINATION	INO80C
REACTOME_DEUBIQUITINATION	INO80D
REACTOME_DEUBIQUITINATION	INO80E
REACTOME_DEUBIQUITINATION	JOSD1
REACTOME_DEUBIQUITINATION	JOSD2
REACTOME_DEUBIQUITINATION	KAT2A
REACTOME_DEUBIQUITINATION	KAT2B
REACTOME_DEUBIQUITINATION	KDM1B
REACTOME_DEUBIQUITINATION	KEAP1
REACTOME_DEUBIQUITINATION	MAP3K7
REACTOME_DEUBIQUITINATION	MAT2B
REACTOME_DEUBIQUITINATION	MAVS
REACTOME_DEUBIQUITINATION	MBD5
REACTOME_DEUBIQUITINATION	MBD6
REACTOME_DEUBIQUITINATION	MCRS1
REACTOME_DEUBIQUITINATION	MDM2
REACTOME_DEUBIQUITINATION	MDM4
REACTOME_DEUBIQUITINATION	MUL1
REACTOME_DEUBIQUITINATION	MYC
REACTOME_DEUBIQUITINATION	MYSM1
REACTOME_DEUBIQUITINATION	NEDD8
REACTOME_DEUBIQUITINATION	NFKBIA
REACTOME_DEUBIQUITINATION	NFRKB
REACTOME_DEUBIQUITINATION	NLRP3
REACTOME_DEUBIQUITINATION	NOD1
REACTOME_DEUBIQUITINATION	NOD2
REACTOME_DEUBIQUITINATION	OGT
REACTOME_DEUBIQUITINATION	OTUB1
REACTOME_DEUBIQUITINATION	OTUB2
REACTOME_DEUBIQUITINATION	OTUD3
REACTOME_DEUBIQUITINATION	OTUD5
REACTOME_DEUBIQUITINATION	OTUD7A
REACTOME_DEUBIQUITINATION	OTUD7B
REACTOME_DEUBIQUITINATION	POLB
REACTOME_DEUBIQUITINATION	PRKN
REACTOME_DEUBIQUITINATION	PSMA1
REACTOME_DEUBIQUITINATION	PSMA2
REACTOME_DEUBIQUITINATION	PSMA3
REACTOME_DEUBIQUITINATION	PSMA4
REACTOME_DEUBIQUITINATION	PSMA5
REACTOME_DEUBIQUITINATION	PSMA6
REACTOME_DEUBIQUITINATION	PSMA7
REACTOME_DEUBIQUITINATION	PSMA8
REACTOME_DEUBIQUITINATION	PSMB1
REACTOME_DEUBIQUITINATION	PSMB10
REACTOME_DEUBIQUITINATION	PSMB11
REACTOME_DEUBIQUITINATION	PSMB2
REACTOME_DEUBIQUITINATION	PSMB3
REACTOME_DEUBIQUITINATION	PSMB4
REACTOME_DEUBIQUITINATION	PSMB5
REACTOME_DEUBIQUITINATION	PSMB6
REACTOME_DEUBIQUITINATION	PSMB7
REACTOME_DEUBIQUITINATION	PSMB8
REACTOME_DEUBIQUITINATION	PSMB9
REACTOME_DEUBIQUITINATION	PSMC1
REACTOME_DEUBIQUITINATION	PSMC2
REACTOME_DEUBIQUITINATION	PSMC3
REACTOME_DEUBIQUITINATION	PSMC4
REACTOME_DEUBIQUITINATION	PSMC5
REACTOME_DEUBIQUITINATION	PSMC6
REACTOME_DEUBIQUITINATION	PSMD1
REACTOME_DEUBIQUITINATION	PSMD10
REACTOME_DEUBIQUITINATION	PSMD11
REACTOME_DEUBIQUITINATION	PSMD12
REACTOME_DEUBIQUITINATION	PSMD13
REACTOME_DEUBIQUITINATION	PSMD14
REACTOME_DEUBIQUITINATION	PSMD2
REACTOME_DEUBIQUITINATION	PSMD3
REACTOME_DEUBIQUITINATION	PSMD4
REACTOME_DEUBIQUITINATION	PSMD5
REACTOME_DEUBIQUITINATION	PSMD6
REACTOME_DEUBIQUITINATION	PSMD7
REACTOME_DEUBIQUITINATION	PSMD8
REACTOME_DEUBIQUITINATION	PSMD9
REACTOME_DEUBIQUITINATION	PSME1
REACTOME_DEUBIQUITINATION	PSME2
REACTOME_DEUBIQUITINATION	PSME3
REACTOME_DEUBIQUITINATION	PSME4
REACTOME_DEUBIQUITINATION	PSMF1
REACTOME_DEUBIQUITINATION	PTEN
REACTOME_DEUBIQUITINATION	PTRH2
REACTOME_DEUBIQUITINATION	RAD23A
REACTOME_DEUBIQUITINATION	RAD23B
REACTOME_DEUBIQUITINATION	RCE1
REACTOME_DEUBIQUITINATION	RHOA
REACTOME_DEUBIQUITINATION	RHOT1
REACTOME_DEUBIQUITINATION	RIPK1
REACTOME_DEUBIQUITINATION	RIPK2
REACTOME_DEUBIQUITINATION	RNF123
REACTOME_DEUBIQUITINATION	RNF128
REACTOME_DEUBIQUITINATION	RNF135
REACTOME_DEUBIQUITINATION	RNF146
REACTOME_DEUBIQUITINATION	RPS27A
REACTOME_DEUBIQUITINATION	RUVBL1
REACTOME_DEUBIQUITINATION	SEM1
REACTOME_DEUBIQUITINATION	SENP8
REACTOME_DEUBIQUITINATION	SIAH2
REACTOME_DEUBIQUITINATION	SKP2
REACTOME_DEUBIQUITINATION	SMAD1
REACTOME_DEUBIQUITINATION	SMAD2
REACTOME_DEUBIQUITINATION	SMAD3
REACTOME_DEUBIQUITINATION	SMAD4
REACTOME_DEUBIQUITINATION	SMAD7
REACTOME_DEUBIQUITINATION	SMURF2
REACTOME_DEUBIQUITINATION	SNX3
REACTOME_DEUBIQUITINATION	STAM
REACTOME_DEUBIQUITINATION	STAM2
REACTOME_DEUBIQUITINATION	STAMBP
REACTOME_DEUBIQUITINATION	STAMBPL1
REACTOME_DEUBIQUITINATION	SUDS3
REACTOME_DEUBIQUITINATION	TAB1
REACTOME_DEUBIQUITINATION	TADA2B
REACTOME_DEUBIQUITINATION	TADA3
REACTOME_DEUBIQUITINATION	TAF10
REACTOME_DEUBIQUITINATION	TAF9B
REACTOME_DEUBIQUITINATION	TFPT
REACTOME_DEUBIQUITINATION	TGFB1
REACTOME_DEUBIQUITINATION	TGFBR1
REACTOME_DEUBIQUITINATION	TGFBR2
REACTOME_DEUBIQUITINATION	TNFAIP3
REACTOME_DEUBIQUITINATION	TNIP1
REACTOME_DEUBIQUITINATION	TNIP2
REACTOME_DEUBIQUITINATION	TNIP3
REACTOME_DEUBIQUITINATION	TNKS
REACTOME_DEUBIQUITINATION	TNKS2
REACTOME_DEUBIQUITINATION	TOMM20
REACTOME_DEUBIQUITINATION	TOMM70
REACTOME_DEUBIQUITINATION	TP53
REACTOME_DEUBIQUITINATION	TRAF2
REACTOME_DEUBIQUITINATION	TRAF3
REACTOME_DEUBIQUITINATION	TRAF6
REACTOME_DEUBIQUITINATION	TRIM25
REACTOME_DEUBIQUITINATION	TRIM4
REACTOME_DEUBIQUITINATION	TRRAP
REACTOME_DEUBIQUITINATION	UBA52
REACTOME_DEUBIQUITINATION	UBB
REACTOME_DEUBIQUITINATION	UBC
REACTOME_DEUBIQUITINATION	UBE2D1
REACTOME_DEUBIQUITINATION	UCHL1
REACTOME_DEUBIQUITINATION	UCHL3
REACTOME_DEUBIQUITINATION	UCHL5
REACTOME_DEUBIQUITINATION	UFD1
REACTOME_DEUBIQUITINATION	UIMC1
REACTOME_DEUBIQUITINATION	USP10
REACTOME_DEUBIQUITINATION	USP11
REACTOME_DEUBIQUITINATION	USP12
REACTOME_DEUBIQUITINATION	USP13
REACTOME_DEUBIQUITINATION	USP14
REACTOME_DEUBIQUITINATION	USP15
REACTOME_DEUBIQUITINATION	USP16
REACTOME_DEUBIQUITINATION	USP17L1
REACTOME_DEUBIQUITINATION	USP17L10
REACTOME_DEUBIQUITINATION	USP17L11
REACTOME_DEUBIQUITINATION	USP17L12
REACTOME_DEUBIQUITINATION	USP17L13
REACTOME_DEUBIQUITINATION	USP17L15
REACTOME_DEUBIQUITINATION	USP17L17
REACTOME_DEUBIQUITINATION	USP17L18
REACTOME_DEUBIQUITINATION	USP17L19
REACTOME_DEUBIQUITINATION	USP17L2
REACTOME_DEUBIQUITINATION	USP17L20
REACTOME_DEUBIQUITINATION	USP17L21
REACTOME_DEUBIQUITINATION	USP17L22
REACTOME_DEUBIQUITINATION	USP17L24
REACTOME_DEUBIQUITINATION	USP17L25
REACTOME_DEUBIQUITINATION	USP17L26
REACTOME_DEUBIQUITINATION	USP17L27
REACTOME_DEUBIQUITINATION	USP17L28
REACTOME_DEUBIQUITINATION	USP17L29
REACTOME_DEUBIQUITINATION	USP17L3
REACTOME_DEUBIQUITINATION	USP17L30
REACTOME_DEUBIQUITINATION	USP17L4
REACTOME_DEUBIQUITINATION	USP17L5
REACTOME_DEUBIQUITINATION	USP17L8
REACTOME_DEUBIQUITINATION	USP18
REACTOME_DEUBIQUITINATION	USP19
REACTOME_DEUBIQUITINATION	USP2
REACTOME_DEUBIQUITINATION	USP20
REACTOME_DEUBIQUITINATION	USP21
REACTOME_DEUBIQUITINATION	USP22
REACTOME_DEUBIQUITINATION	USP24
REACTOME_DEUBIQUITINATION	USP25
REACTOME_DEUBIQUITINATION	USP26
REACTOME_DEUBIQUITINATION	USP28
REACTOME_DEUBIQUITINATION	USP3
REACTOME_DEUBIQUITINATION	USP30
REACTOME_DEUBIQUITINATION	USP33
REACTOME_DEUBIQUITINATION	USP34
REACTOME_DEUBIQUITINATION	USP37
REACTOME_DEUBIQUITINATION	USP4
REACTOME_DEUBIQUITINATION	USP42
REACTOME_DEUBIQUITINATION	USP44
REACTOME_DEUBIQUITINATION	USP47
REACTOME_DEUBIQUITINATION	USP48
REACTOME_DEUBIQUITINATION	USP49
REACTOME_DEUBIQUITINATION	USP5
REACTOME_DEUBIQUITINATION	USP7
REACTOME_DEUBIQUITINATION	USP8
REACTOME_DEUBIQUITINATION	USP9X
REACTOME_DEUBIQUITINATION	VCP
REACTOME_DEUBIQUITINATION	VCPIP1
REACTOME_DEUBIQUITINATION	VDAC1
REACTOME_DEUBIQUITINATION	VDAC2
REACTOME_DEUBIQUITINATION	VDAC3
REACTOME_DEUBIQUITINATION	WDR20
REACTOME_DEUBIQUITINATION	WDR48
REACTOME_DEUBIQUITINATION	YOD1
REACTOME_DEUBIQUITINATION	YY1
REACTOME_DEUBIQUITINATION	ZRANB1
REACTOME_FOXO_MEDIATED_TRANSCRIPTION	ABCA6
REACTOME_FOXO_MEDIATED_TRANSCRIPTION	AGRP
REACTOME_FOXO_MEDIATED_TRANSCRIPTION	AKT1
REACTOME_FOXO_MEDIATED_TRANSCRIPTION	AKT2
REACTOME_FOXO_MEDIATED_TRANSCRIPTION	AKT3
REACTOME_FOXO_MEDIATED_TRANSCRIPTION	ATXN3
REACTOME_FOXO_MEDIATED_TRANSCRIPTION	BBC3
REACTOME_FOXO_MEDIATED_TRANSCRIPTION	BCL2L11
REACTOME_FOXO_MEDIATED_TRANSCRIPTION	BCL6
REACTOME_FOXO_MEDIATED_TRANSCRIPTION	BTG1
REACTOME_FOXO_MEDIATED_TRANSCRIPTION	CAT
REACTOME_FOXO_MEDIATED_TRANSCRIPTION	CAV1
REACTOME_FOXO_MEDIATED_TRANSCRIPTION	CCNG2
REACTOME_FOXO_MEDIATED_TRANSCRIPTION	CDKN1A
REACTOME_FOXO_MEDIATED_TRANSCRIPTION	CDKN1B
REACTOME_FOXO_MEDIATED_TRANSCRIPTION	CITED2
REACTOME_FOXO_MEDIATED_TRANSCRIPTION	CREBBP
REACTOME_FOXO_MEDIATED_TRANSCRIPTION	DDIT3
REACTOME_FOXO_MEDIATED_TRANSCRIPTION	EP300
REACTOME_FOXO_MEDIATED_TRANSCRIPTION	FASLG
REACTOME_FOXO_MEDIATED_TRANSCRIPTION	FBXO32
REACTOME_FOXO_MEDIATED_TRANSCRIPTION	FOXG1
REACTOME_FOXO_MEDIATED_TRANSCRIPTION	FOXO1
REACTOME_FOXO_MEDIATED_TRANSCRIPTION	FOXO3
REACTOME_FOXO_MEDIATED_TRANSCRIPTION	FOXO4
REACTOME_FOXO_MEDIATED_TRANSCRIPTION	FOXO6
REACTOME_FOXO_MEDIATED_TRANSCRIPTION	G6PC1
REACTOME_FOXO_MEDIATED_TRANSCRIPTION	GADD45A
REACTOME_FOXO_MEDIATED_TRANSCRIPTION	GCK
REACTOME_FOXO_MEDIATED_TRANSCRIPTION	HDAC1
REACTOME_FOXO_MEDIATED_TRANSCRIPTION	HDAC2
REACTOME_FOXO_MEDIATED_TRANSCRIPTION	IGFBP1
REACTOME_FOXO_MEDIATED_TRANSCRIPTION	INS
REACTOME_FOXO_MEDIATED_TRANSCRIPTION	KAT2B
REACTOME_FOXO_MEDIATED_TRANSCRIPTION	KLF4
REACTOME_FOXO_MEDIATED_TRANSCRIPTION	MSTN
REACTOME_FOXO_MEDIATED_TRANSCRIPTION	NFYA
REACTOME_FOXO_MEDIATED_TRANSCRIPTION	NFYB
REACTOME_FOXO_MEDIATED_TRANSCRIPTION	NFYC
REACTOME_FOXO_MEDIATED_TRANSCRIPTION	NPY
REACTOME_FOXO_MEDIATED_TRANSCRIPTION	NR3C1
REACTOME_FOXO_MEDIATED_TRANSCRIPTION	PCBP4
REACTOME_FOXO_MEDIATED_TRANSCRIPTION	PCK1
REACTOME_FOXO_MEDIATED_TRANSCRIPTION	PINK1
REACTOME_FOXO_MEDIATED_TRANSCRIPTION	PLXNA4
REACTOME_FOXO_MEDIATED_TRANSCRIPTION	POMC
REACTOME_FOXO_MEDIATED_TRANSCRIPTION	PPARGC1A
REACTOME_FOXO_MEDIATED_TRANSCRIPTION	RBL2
REACTOME_FOXO_MEDIATED_TRANSCRIPTION	RETN
REACTOME_FOXO_MEDIATED_TRANSCRIPTION	SFN
REACTOME_FOXO_MEDIATED_TRANSCRIPTION	SIN3A
REACTOME_FOXO_MEDIATED_TRANSCRIPTION	SIRT1
REACTOME_FOXO_MEDIATED_TRANSCRIPTION	SIRT3
REACTOME_FOXO_MEDIATED_TRANSCRIPTION	SMAD2
REACTOME_FOXO_MEDIATED_TRANSCRIPTION	SMAD3
REACTOME_FOXO_MEDIATED_TRANSCRIPTION	SMAD4
REACTOME_FOXO_MEDIATED_TRANSCRIPTION	SOD2
REACTOME_FOXO_MEDIATED_TRANSCRIPTION	SREBF1
REACTOME_FOXO_MEDIATED_TRANSCRIPTION	STK11
REACTOME_FOXO_MEDIATED_TRANSCRIPTION	TRIM63
REACTOME_FOXO_MEDIATED_TRANSCRIPTION	TXN
REACTOME_FOXO_MEDIATED_TRANSCRIPTION	TXNIP
REACTOME_FOXO_MEDIATED_TRANSCRIPTION	YWHAB
REACTOME_FOXO_MEDIATED_TRANSCRIPTION	YWHAG
REACTOME_FOXO_MEDIATED_TRANSCRIPTION	YWHAQ
REACTOME_FOXO_MEDIATED_TRANSCRIPTION	YWHAZ
REACTOME_NEF_AND_SIGNAL_TRANSDUCTION	CD247
REACTOME_NEF_AND_SIGNAL_TRANSDUCTION	DOCK2
REACTOME_NEF_AND_SIGNAL_TRANSDUCTION	ELMO1
REACTOME_NEF_AND_SIGNAL_TRANSDUCTION	FYN
REACTOME_NEF_AND_SIGNAL_TRANSDUCTION	HCK
REACTOME_NEF_AND_SIGNAL_TRANSDUCTION	LCK
REACTOME_NEF_AND_SIGNAL_TRANSDUCTION	PAK2
REACTOME_NEF_AND_SIGNAL_TRANSDUCTION	RAC1
REACTOME_RUNX1_REGULATES_GENES_INVOLVED_IN_MEGAKARYOCYTE_DIFFERENTIATION_AND_PLATELET_FUNCTION	AGO1
REACTOME_RUNX1_REGULATES_GENES_INVOLVED_IN_MEGAKARYOCYTE_DIFFERENTIATION_AND_PLATELET_FUNCTION	AGO3
REACTOME_RUNX1_REGULATES_GENES_INVOLVED_IN_MEGAKARYOCYTE_DIFFERENTIATION_AND_PLATELET_FUNCTION	AGO4
REACTOME_RUNX1_REGULATES_GENES_INVOLVED_IN_MEGAKARYOCYTE_DIFFERENTIATION_AND_PLATELET_FUNCTION	ASH2L
REACTOME_RUNX1_REGULATES_GENES_INVOLVED_IN_MEGAKARYOCYTE_DIFFERENTIATION_AND_PLATELET_FUNCTION	CBFB
REACTOME_RUNX1_REGULATES_GENES_INVOLVED_IN_MEGAKARYOCYTE_DIFFERENTIATION_AND_PLATELET_FUNCTION	DPY30
REACTOME_RUNX1_REGULATES_GENES_INVOLVED_IN_MEGAKARYOCYTE_DIFFERENTIATION_AND_PLATELET_FUNCTION	EP300
REACTOME_RUNX1_REGULATES_GENES_INVOLVED_IN_MEGAKARYOCYTE_DIFFERENTIATION_AND_PLATELET_FUNCTION	GATA1
REACTOME_RUNX1_REGULATES_GENES_INVOLVED_IN_MEGAKARYOCYTE_DIFFERENTIATION_AND_PLATELET_FUNCTION	GP1BA
REACTOME_RUNX1_REGULATES_GENES_INVOLVED_IN_MEGAKARYOCYTE_DIFFERENTIATION_AND_PLATELET_FUNCTION	H2AB1
REACTOME_RUNX1_REGULATES_GENES_INVOLVED_IN_MEGAKARYOCYTE_DIFFERENTIATION_AND_PLATELET_FUNCTION	H2AC14
REACTOME_RUNX1_REGULATES_GENES_INVOLVED_IN_MEGAKARYOCYTE_DIFFERENTIATION_AND_PLATELET_FUNCTION	H2AC20
REACTOME_RUNX1_REGULATES_GENES_INVOLVED_IN_MEGAKARYOCYTE_DIFFERENTIATION_AND_PLATELET_FUNCTION	H2AC4
REACTOME_RUNX1_REGULATES_GENES_INVOLVED_IN_MEGAKARYOCYTE_DIFFERENTIATION_AND_PLATELET_FUNCTION	H2AC6
REACTOME_RUNX1_REGULATES_GENES_INVOLVED_IN_MEGAKARYOCYTE_DIFFERENTIATION_AND_PLATELET_FUNCTION	H2AC7
REACTOME_RUNX1_REGULATES_GENES_INVOLVED_IN_MEGAKARYOCYTE_DIFFERENTIATION_AND_PLATELET_FUNCTION	H2AC8
REACTOME_RUNX1_REGULATES_GENES_INVOLVED_IN_MEGAKARYOCYTE_DIFFERENTIATION_AND_PLATELET_FUNCTION	H2AJ
REACTOME_RUNX1_REGULATES_GENES_INVOLVED_IN_MEGAKARYOCYTE_DIFFERENTIATION_AND_PLATELET_FUNCTION	H2AX
REACTOME_RUNX1_REGULATES_GENES_INVOLVED_IN_MEGAKARYOCYTE_DIFFERENTIATION_AND_PLATELET_FUNCTION	H2AZ1
REACTOME_RUNX1_REGULATES_GENES_INVOLVED_IN_MEGAKARYOCYTE_DIFFERENTIATION_AND_PLATELET_FUNCTION	H2AZ2
REACTOME_RUNX1_REGULATES_GENES_INVOLVED_IN_MEGAKARYOCYTE_DIFFERENTIATION_AND_PLATELET_FUNCTION	H2BC1
REACTOME_RUNX1_REGULATES_GENES_INVOLVED_IN_MEGAKARYOCYTE_DIFFERENTIATION_AND_PLATELET_FUNCTION	H2BC10
REACTOME_RUNX1_REGULATES_GENES_INVOLVED_IN_MEGAKARYOCYTE_DIFFERENTIATION_AND_PLATELET_FUNCTION	H2BC11
REACTOME_RUNX1_REGULATES_GENES_INVOLVED_IN_MEGAKARYOCYTE_DIFFERENTIATION_AND_PLATELET_FUNCTION	H2BC12
REACTOME_RUNX1_REGULATES_GENES_INVOLVED_IN_MEGAKARYOCYTE_DIFFERENTIATION_AND_PLATELET_FUNCTION	H2BC13
REACTOME_RUNX1_REGULATES_GENES_INVOLVED_IN_MEGAKARYOCYTE_DIFFERENTIATION_AND_PLATELET_FUNCTION	H2BC14
REACTOME_RUNX1_REGULATES_GENES_INVOLVED_IN_MEGAKARYOCYTE_DIFFERENTIATION_AND_PLATELET_FUNCTION	H2BC15
REACTOME_RUNX1_REGULATES_GENES_INVOLVED_IN_MEGAKARYOCYTE_DIFFERENTIATION_AND_PLATELET_FUNCTION	H2BC17
REACTOME_RUNX1_REGULATES_GENES_INVOLVED_IN_MEGAKARYOCYTE_DIFFERENTIATION_AND_PLATELET_FUNCTION	H2BC21
REACTOME_RUNX1_REGULATES_GENES_INVOLVED_IN_MEGAKARYOCYTE_DIFFERENTIATION_AND_PLATELET_FUNCTION	H2BC3
REACTOME_RUNX1_REGULATES_GENES_INVOLVED_IN_MEGAKARYOCYTE_DIFFERENTIATION_AND_PLATELET_FUNCTION	H2BC4
REACTOME_RUNX1_REGULATES_GENES_INVOLVED_IN_MEGAKARYOCYTE_DIFFERENTIATION_AND_PLATELET_FUNCTION	H2BC5
REACTOME_RUNX1_REGULATES_GENES_INVOLVED_IN_MEGAKARYOCYTE_DIFFERENTIATION_AND_PLATELET_FUNCTION	H2BC6
REACTOME_RUNX1_REGULATES_GENES_INVOLVED_IN_MEGAKARYOCYTE_DIFFERENTIATION_AND_PLATELET_FUNCTION	H2BC7
REACTOME_RUNX1_REGULATES_GENES_INVOLVED_IN_MEGAKARYOCYTE_DIFFERENTIATION_AND_PLATELET_FUNCTION	H2BC8
REACTOME_RUNX1_REGULATES_GENES_INVOLVED_IN_MEGAKARYOCYTE_DIFFERENTIATION_AND_PLATELET_FUNCTION	H2BC9
REACTOME_RUNX1_REGULATES_GENES_INVOLVED_IN_MEGAKARYOCYTE_DIFFERENTIATION_AND_PLATELET_FUNCTION	H2BS1
REACTOME_RUNX1_REGULATES_GENES_INVOLVED_IN_MEGAKARYOCYTE_DIFFERENTIATION_AND_PLATELET_FUNCTION	H2BU1
REACTOME_RUNX1_REGULATES_GENES_INVOLVED_IN_MEGAKARYOCYTE_DIFFERENTIATION_AND_PLATELET_FUNCTION	H3-3A
REACTOME_RUNX1_REGULATES_GENES_INVOLVED_IN_MEGAKARYOCYTE_DIFFERENTIATION_AND_PLATELET_FUNCTION	H3-3B
REACTOME_RUNX1_REGULATES_GENES_INVOLVED_IN_MEGAKARYOCYTE_DIFFERENTIATION_AND_PLATELET_FUNCTION	H3C1
REACTOME_RUNX1_REGULATES_GENES_INVOLVED_IN_MEGAKARYOCYTE_DIFFERENTIATION_AND_PLATELET_FUNCTION	H3C10
REACTOME_RUNX1_REGULATES_GENES_INVOLVED_IN_MEGAKARYOCYTE_DIFFERENTIATION_AND_PLATELET_FUNCTION	H3C11
REACTOME_RUNX1_REGULATES_GENES_INVOLVED_IN_MEGAKARYOCYTE_DIFFERENTIATION_AND_PLATELET_FUNCTION	H3C12
REACTOME_RUNX1_REGULATES_GENES_INVOLVED_IN_MEGAKARYOCYTE_DIFFERENTIATION_AND_PLATELET_FUNCTION	H3C13
REACTOME_RUNX1_REGULATES_GENES_INVOLVED_IN_MEGAKARYOCYTE_DIFFERENTIATION_AND_PLATELET_FUNCTION	H3C14
REACTOME_RUNX1_REGULATES_GENES_INVOLVED_IN_MEGAKARYOCYTE_DIFFERENTIATION_AND_PLATELET_FUNCTION	H3C15
REACTOME_RUNX1_REGULATES_GENES_INVOLVED_IN_MEGAKARYOCYTE_DIFFERENTIATION_AND_PLATELET_FUNCTION	H3C2
REACTOME_RUNX1_REGULATES_GENES_INVOLVED_IN_MEGAKARYOCYTE_DIFFERENTIATION_AND_PLATELET_FUNCTION	H3C3
REACTOME_RUNX1_REGULATES_GENES_INVOLVED_IN_MEGAKARYOCYTE_DIFFERENTIATION_AND_PLATELET_FUNCTION	H3C4
REACTOME_RUNX1_REGULATES_GENES_INVOLVED_IN_MEGAKARYOCYTE_DIFFERENTIATION_AND_PLATELET_FUNCTION	H3C6
REACTOME_RUNX1_REGULATES_GENES_INVOLVED_IN_MEGAKARYOCYTE_DIFFERENTIATION_AND_PLATELET_FUNCTION	H3C7
REACTOME_RUNX1_REGULATES_GENES_INVOLVED_IN_MEGAKARYOCYTE_DIFFERENTIATION_AND_PLATELET_FUNCTION	H3C8
REACTOME_RUNX1_REGULATES_GENES_INVOLVED_IN_MEGAKARYOCYTE_DIFFERENTIATION_AND_PLATELET_FUNCTION	H4-16
REACTOME_RUNX1_REGULATES_GENES_INVOLVED_IN_MEGAKARYOCYTE_DIFFERENTIATION_AND_PLATELET_FUNCTION	H4C1
REACTOME_RUNX1_REGULATES_GENES_INVOLVED_IN_MEGAKARYOCYTE_DIFFERENTIATION_AND_PLATELET_FUNCTION	H4C11
REACTOME_RUNX1_REGULATES_GENES_INVOLVED_IN_MEGAKARYOCYTE_DIFFERENTIATION_AND_PLATELET_FUNCTION	H4C12
REACTOME_RUNX1_REGULATES_GENES_INVOLVED_IN_MEGAKARYOCYTE_DIFFERENTIATION_AND_PLATELET_FUNCTION	H4C13
REACTOME_RUNX1_REGULATES_GENES_INVOLVED_IN_MEGAKARYOCYTE_DIFFERENTIATION_AND_PLATELET_FUNCTION	H4C14
REACTOME_RUNX1_REGULATES_GENES_INVOLVED_IN_MEGAKARYOCYTE_DIFFERENTIATION_AND_PLATELET_FUNCTION	H4C15
REACTOME_RUNX1_REGULATES_GENES_INVOLVED_IN_MEGAKARYOCYTE_DIFFERENTIATION_AND_PLATELET_FUNCTION	H4C2
REACTOME_RUNX1_REGULATES_GENES_INVOLVED_IN_MEGAKARYOCYTE_DIFFERENTIATION_AND_PLATELET_FUNCTION	H4C3
REACTOME_RUNX1_REGULATES_GENES_INVOLVED_IN_MEGAKARYOCYTE_DIFFERENTIATION_AND_PLATELET_FUNCTION	H4C4
REACTOME_RUNX1_REGULATES_GENES_INVOLVED_IN_MEGAKARYOCYTE_DIFFERENTIATION_AND_PLATELET_FUNCTION	H4C5
REACTOME_RUNX1_REGULATES_GENES_INVOLVED_IN_MEGAKARYOCYTE_DIFFERENTIATION_AND_PLATELET_FUNCTION	H4C6
REACTOME_RUNX1_REGULATES_GENES_INVOLVED_IN_MEGAKARYOCYTE_DIFFERENTIATION_AND_PLATELET_FUNCTION	H4C8
REACTOME_RUNX1_REGULATES_GENES_INVOLVED_IN_MEGAKARYOCYTE_DIFFERENTIATION_AND_PLATELET_FUNCTION	H4C9
REACTOME_RUNX1_REGULATES_GENES_INVOLVED_IN_MEGAKARYOCYTE_DIFFERENTIATION_AND_PLATELET_FUNCTION	HDAC1
REACTOME_RUNX1_REGULATES_GENES_INVOLVED_IN_MEGAKARYOCYTE_DIFFERENTIATION_AND_PLATELET_FUNCTION	ITGA2B
REACTOME_RUNX1_REGULATES_GENES_INVOLVED_IN_MEGAKARYOCYTE_DIFFERENTIATION_AND_PLATELET_FUNCTION	KAT2B
REACTOME_RUNX1_REGULATES_GENES_INVOLVED_IN_MEGAKARYOCYTE_DIFFERENTIATION_AND_PLATELET_FUNCTION	KMT2A
REACTOME_RUNX1_REGULATES_GENES_INVOLVED_IN_MEGAKARYOCYTE_DIFFERENTIATION_AND_PLATELET_FUNCTION	KMT2B
REACTOME_RUNX1_REGULATES_GENES_INVOLVED_IN_MEGAKARYOCYTE_DIFFERENTIATION_AND_PLATELET_FUNCTION	KMT2C
REACTOME_RUNX1_REGULATES_GENES_INVOLVED_IN_MEGAKARYOCYTE_DIFFERENTIATION_AND_PLATELET_FUNCTION	KMT2D
REACTOME_RUNX1_REGULATES_GENES_INVOLVED_IN_MEGAKARYOCYTE_DIFFERENTIATION_AND_PLATELET_FUNCTION	KMT2E
REACTOME_RUNX1_REGULATES_GENES_INVOLVED_IN_MEGAKARYOCYTE_DIFFERENTIATION_AND_PLATELET_FUNCTION	MIR27A
REACTOME_RUNX1_REGULATES_GENES_INVOLVED_IN_MEGAKARYOCYTE_DIFFERENTIATION_AND_PLATELET_FUNCTION	MOV10
REACTOME_RUNX1_REGULATES_GENES_INVOLVED_IN_MEGAKARYOCYTE_DIFFERENTIATION_AND_PLATELET_FUNCTION	MYL9
REACTOME_RUNX1_REGULATES_GENES_INVOLVED_IN_MEGAKARYOCYTE_DIFFERENTIATION_AND_PLATELET_FUNCTION	NFE2
REACTOME_RUNX1_REGULATES_GENES_INVOLVED_IN_MEGAKARYOCYTE_DIFFERENTIATION_AND_PLATELET_FUNCTION	NR4A3
REACTOME_RUNX1_REGULATES_GENES_INVOLVED_IN_MEGAKARYOCYTE_DIFFERENTIATION_AND_PLATELET_FUNCTION	PF4
REACTOME_RUNX1_REGULATES_GENES_INVOLVED_IN_MEGAKARYOCYTE_DIFFERENTIATION_AND_PLATELET_FUNCTION	PRKCQ
REACTOME_RUNX1_REGULATES_GENES_INVOLVED_IN_MEGAKARYOCYTE_DIFFERENTIATION_AND_PLATELET_FUNCTION	PRMT1
REACTOME_RUNX1_REGULATES_GENES_INVOLVED_IN_MEGAKARYOCYTE_DIFFERENTIATION_AND_PLATELET_FUNCTION	PRMT6
REACTOME_RUNX1_REGULATES_GENES_INVOLVED_IN_MEGAKARYOCYTE_DIFFERENTIATION_AND_PLATELET_FUNCTION	RBBP5
REACTOME_RUNX1_REGULATES_GENES_INVOLVED_IN_MEGAKARYOCYTE_DIFFERENTIATION_AND_PLATELET_FUNCTION	RUNX1
REACTOME_RUNX1_REGULATES_GENES_INVOLVED_IN_MEGAKARYOCYTE_DIFFERENTIATION_AND_PLATELET_FUNCTION	SETD1A
REACTOME_RUNX1_REGULATES_GENES_INVOLVED_IN_MEGAKARYOCYTE_DIFFERENTIATION_AND_PLATELET_FUNCTION	SETD1B
REACTOME_RUNX1_REGULATES_GENES_INVOLVED_IN_MEGAKARYOCYTE_DIFFERENTIATION_AND_PLATELET_FUNCTION	SIN3A
REACTOME_RUNX1_REGULATES_GENES_INVOLVED_IN_MEGAKARYOCYTE_DIFFERENTIATION_AND_PLATELET_FUNCTION	SIN3B
REACTOME_RUNX1_REGULATES_GENES_INVOLVED_IN_MEGAKARYOCYTE_DIFFERENTIATION_AND_PLATELET_FUNCTION	THBS1
REACTOME_RUNX1_REGULATES_GENES_INVOLVED_IN_MEGAKARYOCYTE_DIFFERENTIATION_AND_PLATELET_FUNCTION	TNRC6A
REACTOME_RUNX1_REGULATES_GENES_INVOLVED_IN_MEGAKARYOCYTE_DIFFERENTIATION_AND_PLATELET_FUNCTION	TNRC6B
REACTOME_RUNX1_REGULATES_GENES_INVOLVED_IN_MEGAKARYOCYTE_DIFFERENTIATION_AND_PLATELET_FUNCTION	TNRC6C
REACTOME_RUNX1_REGULATES_GENES_INVOLVED_IN_MEGAKARYOCYTE_DIFFERENTIATION_AND_PLATELET_FUNCTION	WDR5
REACTOME_RUNX1_REGULATES_GENES_INVOLVED_IN_MEGAKARYOCYTE_DIFFERENTIATION_AND_PLATELET_FUNCTION	ZFPM1
REACTOME_STAT3_NUCLEAR_EVENTS_DOWNSTREAM_OF_ALK_SIGNALING	CD274
REACTOME_STAT3_NUCLEAR_EVENTS_DOWNSTREAM_OF_ALK_SIGNALING	EP300
REACTOME_STAT3_NUCLEAR_EVENTS_DOWNSTREAM_OF_ALK_SIGNALING	HDAC1
REACTOME_STAT3_NUCLEAR_EVENTS_DOWNSTREAM_OF_ALK_SIGNALING	HDAC2
REACTOME_STAT3_NUCLEAR_EVENTS_DOWNSTREAM_OF_ALK_SIGNALING	HDAC3
REACTOME_STAT3_NUCLEAR_EVENTS_DOWNSTREAM_OF_ALK_SIGNALING	HIF1A
REACTOME_STAT3_NUCLEAR_EVENTS_DOWNSTREAM_OF_ALK_SIGNALING	IL2RG
REACTOME_STAT3_NUCLEAR_EVENTS_DOWNSTREAM_OF_ALK_SIGNALING	PRDM1
REACTOME_STAT3_NUCLEAR_EVENTS_DOWNSTREAM_OF_ALK_SIGNALING	SIN3A
REACTOME_STAT3_NUCLEAR_EVENTS_DOWNSTREAM_OF_ALK_SIGNALING	STAT3
REACTOME_SUMOYLATION_OF_TRANSCRIPTION_COFACTORS	BMI1
REACTOME_SUMOYLATION_OF_TRANSCRIPTION_COFACTORS	CBX2
REACTOME_SUMOYLATION_OF_TRANSCRIPTION_COFACTORS	CBX4
REACTOME_SUMOYLATION_OF_TRANSCRIPTION_COFACTORS	CBX8
REACTOME_SUMOYLATION_OF_TRANSCRIPTION_COFACTORS	CREBBP
REACTOME_SUMOYLATION_OF_TRANSCRIPTION_COFACTORS	CTBP1
REACTOME_SUMOYLATION_OF_TRANSCRIPTION_COFACTORS	DAXX
REACTOME_SUMOYLATION_OF_TRANSCRIPTION_COFACTORS	DDX17
REACTOME_SUMOYLATION_OF_TRANSCRIPTION_COFACTORS	DDX5
REACTOME_SUMOYLATION_OF_TRANSCRIPTION_COFACTORS	EP300
REACTOME_SUMOYLATION_OF_TRANSCRIPTION_COFACTORS	HIPK2
REACTOME_SUMOYLATION_OF_TRANSCRIPTION_COFACTORS	ING2
REACTOME_SUMOYLATION_OF_TRANSCRIPTION_COFACTORS	MBD1
REACTOME_SUMOYLATION_OF_TRANSCRIPTION_COFACTORS	MRTFA
REACTOME_SUMOYLATION_OF_TRANSCRIPTION_COFACTORS	NCOA1
REACTOME_SUMOYLATION_OF_TRANSCRIPTION_COFACTORS	NCOA2
REACTOME_SUMOYLATION_OF_TRANSCRIPTION_COFACTORS	NCOR2
REACTOME_SUMOYLATION_OF_TRANSCRIPTION_COFACTORS	NPM1
REACTOME_SUMOYLATION_OF_TRANSCRIPTION_COFACTORS	NRIP1
REACTOME_SUMOYLATION_OF_TRANSCRIPTION_COFACTORS	PARK7
REACTOME_SUMOYLATION_OF_TRANSCRIPTION_COFACTORS	PCGF2
REACTOME_SUMOYLATION_OF_TRANSCRIPTION_COFACTORS	PHC1
REACTOME_SUMOYLATION_OF_TRANSCRIPTION_COFACTORS	PHC2
REACTOME_SUMOYLATION_OF_TRANSCRIPTION_COFACTORS	PHC3
REACTOME_SUMOYLATION_OF_TRANSCRIPTION_COFACTORS	PIAS1
REACTOME_SUMOYLATION_OF_TRANSCRIPTION_COFACTORS	PIAS2
REACTOME_SUMOYLATION_OF_TRANSCRIPTION_COFACTORS	PIAS3
REACTOME_SUMOYLATION_OF_TRANSCRIPTION_COFACTORS	PIAS4
REACTOME_SUMOYLATION_OF_TRANSCRIPTION_COFACTORS	PPARGC1A
REACTOME_SUMOYLATION_OF_TRANSCRIPTION_COFACTORS	RING1
REACTOME_SUMOYLATION_OF_TRANSCRIPTION_COFACTORS	RNF2
REACTOME_SUMOYLATION_OF_TRANSCRIPTION_COFACTORS	SAFB
REACTOME_SUMOYLATION_OF_TRANSCRIPTION_COFACTORS	SCMH1
REACTOME_SUMOYLATION_OF_TRANSCRIPTION_COFACTORS	SIN3A
REACTOME_SUMOYLATION_OF_TRANSCRIPTION_COFACTORS	SUMO1
REACTOME_SUMOYLATION_OF_TRANSCRIPTION_COFACTORS	SUMO2
REACTOME_SUMOYLATION_OF_TRANSCRIPTION_COFACTORS	SUMO3
REACTOME_SUMOYLATION_OF_TRANSCRIPTION_COFACTORS	TOPORS
REACTOME_SUMOYLATION_OF_TRANSCRIPTION_COFACTORS	TRIM28
REACTOME_SUMOYLATION_OF_TRANSCRIPTION_COFACTORS	UBE2I
REACTOME_SUMOYLATION_OF_TRANSCRIPTION_COFACTORS	UHRF2
REACTOME_SUMOYLATION_OF_TRANSCRIPTION_COFACTORS	ZNF131
REACTOME_SUMOYLATION_OF_TRANSCRIPTION_COFACTORS	ZNF350
REACTOME_TRAF6_MEDIATED_IRF7_ACTIVATION	CREBBP
REACTOME_TRAF6_MEDIATED_IRF7_ACTIVATION	DDX58
REACTOME_TRAF6_MEDIATED_IRF7_ACTIVATION	EP300
REACTOME_TRAF6_MEDIATED_IRF7_ACTIVATION	IFIH1
REACTOME_TRAF6_MEDIATED_IRF7_ACTIVATION	IFNA1
REACTOME_TRAF6_MEDIATED_IRF7_ACTIVATION	IFNA10
REACTOME_TRAF6_MEDIATED_IRF7_ACTIVATION	IFNA13
REACTOME_TRAF6_MEDIATED_IRF7_ACTIVATION	IFNA14
REACTOME_TRAF6_MEDIATED_IRF7_ACTIVATION	IFNA16
REACTOME_TRAF6_MEDIATED_IRF7_ACTIVATION	IFNA17
REACTOME_TRAF6_MEDIATED_IRF7_ACTIVATION	IFNA2
REACTOME_TRAF6_MEDIATED_IRF7_ACTIVATION	IFNA21
REACTOME_TRAF6_MEDIATED_IRF7_ACTIVATION	IFNA4
REACTOME_TRAF6_MEDIATED_IRF7_ACTIVATION	IFNA5
REACTOME_TRAF6_MEDIATED_IRF7_ACTIVATION	IFNA6
REACTOME_TRAF6_MEDIATED_IRF7_ACTIVATION	IFNA7
REACTOME_TRAF6_MEDIATED_IRF7_ACTIVATION	IFNA8
REACTOME_TRAF6_MEDIATED_IRF7_ACTIVATION	IFNB1
REACTOME_TRAF6_MEDIATED_IRF7_ACTIVATION	IKBKE
REACTOME_TRAF6_MEDIATED_IRF7_ACTIVATION	IRF3
REACTOME_TRAF6_MEDIATED_IRF7_ACTIVATION	IRF7
REACTOME_TRAF6_MEDIATED_IRF7_ACTIVATION	MAVS
REACTOME_TRAF6_MEDIATED_IRF7_ACTIVATION	RNF135
REACTOME_TRAF6_MEDIATED_IRF7_ACTIVATION	SIKE1
REACTOME_TRAF6_MEDIATED_IRF7_ACTIVATION	TANK
REACTOME_TRAF6_MEDIATED_IRF7_ACTIVATION	TBK1
REACTOME_TRAF6_MEDIATED_IRF7_ACTIVATION	TRAF2
REACTOME_TRAF6_MEDIATED_IRF7_ACTIVATION	TRAF6
REACTOME_TRAF6_MEDIATED_IRF7_ACTIVATION	TRIM25
REACTOME_TRAF6_MEDIATED_IRF7_ACTIVATION	TRIM4
REACTOME_TRANSCRIPTIONAL_REGULATION_BY_RUNX1	ABL1
REACTOME_TRANSCRIPTIONAL_REGULATION_BY_RUNX1	ACTL6A
REACTOME_TRANSCRIPTIONAL_REGULATION_BY_RUNX1	ACTL6B
REACTOME_TRANSCRIPTIONAL_REGULATION_BY_RUNX1	AGO1
REACTOME_TRANSCRIPTIONAL_REGULATION_BY_RUNX1	AGO2
REACTOME_TRANSCRIPTIONAL_REGULATION_BY_RUNX1	AGO3
REACTOME_TRANSCRIPTIONAL_REGULATION_BY_RUNX1	AGO4
REACTOME_TRANSCRIPTIONAL_REGULATION_BY_RUNX1	ARID1A
REACTOME_TRANSCRIPTIONAL_REGULATION_BY_RUNX1	ARID1B
REACTOME_TRANSCRIPTIONAL_REGULATION_BY_RUNX1	ARID2
REACTOME_TRANSCRIPTIONAL_REGULATION_BY_RUNX1	ASH2L
REACTOME_TRANSCRIPTIONAL_REGULATION_BY_RUNX1	AUTS2
REACTOME_TRANSCRIPTIONAL_REGULATION_BY_RUNX1	AXIN1
REACTOME_TRANSCRIPTIONAL_REGULATION_BY_RUNX1	BLK
REACTOME_TRANSCRIPTIONAL_REGULATION_BY_RUNX1	BMI1
REACTOME_TRANSCRIPTIONAL_REGULATION_BY_RUNX1	CBFB
REACTOME_TRANSCRIPTIONAL_REGULATION_BY_RUNX1	CBX2
REACTOME_TRANSCRIPTIONAL_REGULATION_BY_RUNX1	CBX4
REACTOME_TRANSCRIPTIONAL_REGULATION_BY_RUNX1	CBX6
REACTOME_TRANSCRIPTIONAL_REGULATION_BY_RUNX1	CBX8
REACTOME_TRANSCRIPTIONAL_REGULATION_BY_RUNX1	CCND1
REACTOME_TRANSCRIPTIONAL_REGULATION_BY_RUNX1	CCND2
REACTOME_TRANSCRIPTIONAL_REGULATION_BY_RUNX1	CCND3
REACTOME_TRANSCRIPTIONAL_REGULATION_BY_RUNX1	CCNH
REACTOME_TRANSCRIPTIONAL_REGULATION_BY_RUNX1	CDK6
REACTOME_TRANSCRIPTIONAL_REGULATION_BY_RUNX1	CDK7
REACTOME_TRANSCRIPTIONAL_REGULATION_BY_RUNX1	CLDN5
REACTOME_TRANSCRIPTIONAL_REGULATION_BY_RUNX1	CR1
REACTOME_TRANSCRIPTIONAL_REGULATION_BY_RUNX1	CREBBP
REACTOME_TRANSCRIPTIONAL_REGULATION_BY_RUNX1	CSF2
REACTOME_TRANSCRIPTIONAL_REGULATION_BY_RUNX1	CSNK2A1
REACTOME_TRANSCRIPTIONAL_REGULATION_BY_RUNX1	CSNK2A2
REACTOME_TRANSCRIPTIONAL_REGULATION_BY_RUNX1	CSNK2B
REACTOME_TRANSCRIPTIONAL_REGULATION_BY_RUNX1	CTLA4
REACTOME_TRANSCRIPTIONAL_REGULATION_BY_RUNX1	CTSK
REACTOME_TRANSCRIPTIONAL_REGULATION_BY_RUNX1	CTSL
REACTOME_TRANSCRIPTIONAL_REGULATION_BY_RUNX1	CTSV
REACTOME_TRANSCRIPTIONAL_REGULATION_BY_RUNX1	DPY30
REACTOME_TRANSCRIPTIONAL_REGULATION_BY_RUNX1	ELF1
REACTOME_TRANSCRIPTIONAL_REGULATION_BY_RUNX1	ELF2
REACTOME_TRANSCRIPTIONAL_REGULATION_BY_RUNX1	EP300
REACTOME_TRANSCRIPTIONAL_REGULATION_BY_RUNX1	ESR1
REACTOME_TRANSCRIPTIONAL_REGULATION_BY_RUNX1	FOXP3
REACTOME_TRANSCRIPTIONAL_REGULATION_BY_RUNX1	GATA1
REACTOME_TRANSCRIPTIONAL_REGULATION_BY_RUNX1	GATA2
REACTOME_TRANSCRIPTIONAL_REGULATION_BY_RUNX1	GATA3
REACTOME_TRANSCRIPTIONAL_REGULATION_BY_RUNX1	GP1BA
REACTOME_TRANSCRIPTIONAL_REGULATION_BY_RUNX1	GPAM
REACTOME_TRANSCRIPTIONAL_REGULATION_BY_RUNX1	H2AB1
REACTOME_TRANSCRIPTIONAL_REGULATION_BY_RUNX1	H2AC14
REACTOME_TRANSCRIPTIONAL_REGULATION_BY_RUNX1	H2AC20
REACTOME_TRANSCRIPTIONAL_REGULATION_BY_RUNX1	H2AC4
REACTOME_TRANSCRIPTIONAL_REGULATION_BY_RUNX1	H2AC6
REACTOME_TRANSCRIPTIONAL_REGULATION_BY_RUNX1	H2AC7
REACTOME_TRANSCRIPTIONAL_REGULATION_BY_RUNX1	H2AC8
REACTOME_TRANSCRIPTIONAL_REGULATION_BY_RUNX1	H2AJ
REACTOME_TRANSCRIPTIONAL_REGULATION_BY_RUNX1	H2AX
REACTOME_TRANSCRIPTIONAL_REGULATION_BY_RUNX1	H2AZ1
REACTOME_TRANSCRIPTIONAL_REGULATION_BY_RUNX1	H2AZ2
REACTOME_TRANSCRIPTIONAL_REGULATION_BY_RUNX1	H2BC1
REACTOME_TRANSCRIPTIONAL_REGULATION_BY_RUNX1	H2BC10
REACTOME_TRANSCRIPTIONAL_REGULATION_BY_RUNX1	H2BC11
REACTOME_TRANSCRIPTIONAL_REGULATION_BY_RUNX1	H2BC12
REACTOME_TRANSCRIPTIONAL_REGULATION_BY_RUNX1	H2BC13
REACTOME_TRANSCRIPTIONAL_REGULATION_BY_RUNX1	H2BC14
REACTOME_TRANSCRIPTIONAL_REGULATION_BY_RUNX1	H2BC15
REACTOME_TRANSCRIPTIONAL_REGULATION_BY_RUNX1	H2BC17
REACTOME_TRANSCRIPTIONAL_REGULATION_BY_RUNX1	H2BC21
REACTOME_TRANSCRIPTIONAL_REGULATION_BY_RUNX1	H2BC3
REACTOME_TRANSCRIPTIONAL_REGULATION_BY_RUNX1	H2BC4
REACTOME_TRANSCRIPTIONAL_REGULATION_BY_RUNX1	H2BC5
REACTOME_TRANSCRIPTIONAL_REGULATION_BY_RUNX1	H2BC6
REACTOME_TRANSCRIPTIONAL_REGULATION_BY_RUNX1	H2BC7
REACTOME_TRANSCRIPTIONAL_REGULATION_BY_RUNX1	H2BC8
REACTOME_TRANSCRIPTIONAL_REGULATION_BY_RUNX1	H2BC9
REACTOME_TRANSCRIPTIONAL_REGULATION_BY_RUNX1	H2BS1
REACTOME_TRANSCRIPTIONAL_REGULATION_BY_RUNX1	H2BU1
REACTOME_TRANSCRIPTIONAL_REGULATION_BY_RUNX1	H3-3A
REACTOME_TRANSCRIPTIONAL_REGULATION_BY_RUNX1	H3-3B
REACTOME_TRANSCRIPTIONAL_REGULATION_BY_RUNX1	H3C1
REACTOME_TRANSCRIPTIONAL_REGULATION_BY_RUNX1	H3C10
REACTOME_TRANSCRIPTIONAL_REGULATION_BY_RUNX1	H3C11
REACTOME_TRANSCRIPTIONAL_REGULATION_BY_RUNX1	H3C12
REACTOME_TRANSCRIPTIONAL_REGULATION_BY_RUNX1	H3C13
REACTOME_TRANSCRIPTIONAL_REGULATION_BY_RUNX1	H3C14
REACTOME_TRANSCRIPTIONAL_REGULATION_BY_RUNX1	H3C15
REACTOME_TRANSCRIPTIONAL_REGULATION_BY_RUNX1	H3C2
REACTOME_TRANSCRIPTIONAL_REGULATION_BY_RUNX1	H3C3
REACTOME_TRANSCRIPTIONAL_REGULATION_BY_RUNX1	H3C4
REACTOME_TRANSCRIPTIONAL_REGULATION_BY_RUNX1	H3C6
REACTOME_TRANSCRIPTIONAL_REGULATION_BY_RUNX1	H3C7
REACTOME_TRANSCRIPTIONAL_REGULATION_BY_RUNX1	H3C8
REACTOME_TRANSCRIPTIONAL_REGULATION_BY_RUNX1	H4-16
REACTOME_TRANSCRIPTIONAL_REGULATION_BY_RUNX1	H4C1
REACTOME_TRANSCRIPTIONAL_REGULATION_BY_RUNX1	H4C11
REACTOME_TRANSCRIPTIONAL_REGULATION_BY_RUNX1	H4C12
REACTOME_TRANSCRIPTIONAL_REGULATION_BY_RUNX1	H4C13
REACTOME_TRANSCRIPTIONAL_REGULATION_BY_RUNX1	H4C14
REACTOME_TRANSCRIPTIONAL_REGULATION_BY_RUNX1	H4C15
REACTOME_TRANSCRIPTIONAL_REGULATION_BY_RUNX1	H4C2
REACTOME_TRANSCRIPTIONAL_REGULATION_BY_RUNX1	H4C3
REACTOME_TRANSCRIPTIONAL_REGULATION_BY_RUNX1	H4C4
REACTOME_TRANSCRIPTIONAL_REGULATION_BY_RUNX1	H4C5
REACTOME_TRANSCRIPTIONAL_REGULATION_BY_RUNX1	H4C6
REACTOME_TRANSCRIPTIONAL_REGULATION_BY_RUNX1	H4C8
REACTOME_TRANSCRIPTIONAL_REGULATION_BY_RUNX1	H4C9
REACTOME_TRANSCRIPTIONAL_REGULATION_BY_RUNX1	HDAC1
REACTOME_TRANSCRIPTIONAL_REGULATION_BY_RUNX1	HIPK2
REACTOME_TRANSCRIPTIONAL_REGULATION_BY_RUNX1	IFNG
REACTOME_TRANSCRIPTIONAL_REGULATION_BY_RUNX1	IL2
REACTOME_TRANSCRIPTIONAL_REGULATION_BY_RUNX1	IL2RA
REACTOME_TRANSCRIPTIONAL_REGULATION_BY_RUNX1	IL3
REACTOME_TRANSCRIPTIONAL_REGULATION_BY_RUNX1	ITCH
REACTOME_TRANSCRIPTIONAL_REGULATION_BY_RUNX1	ITGA2B
REACTOME_TRANSCRIPTIONAL_REGULATION_BY_RUNX1	KAT2B
REACTOME_TRANSCRIPTIONAL_REGULATION_BY_RUNX1	KCTD6
REACTOME_TRANSCRIPTIONAL_REGULATION_BY_RUNX1	KMT2A
REACTOME_TRANSCRIPTIONAL_REGULATION_BY_RUNX1	KMT2B
REACTOME_TRANSCRIPTIONAL_REGULATION_BY_RUNX1	KMT2C
REACTOME_TRANSCRIPTIONAL_REGULATION_BY_RUNX1	KMT2D
REACTOME_TRANSCRIPTIONAL_REGULATION_BY_RUNX1	KMT2E
REACTOME_TRANSCRIPTIONAL_REGULATION_BY_RUNX1	LDB1
REACTOME_TRANSCRIPTIONAL_REGULATION_BY_RUNX1	LGALS3
REACTOME_TRANSCRIPTIONAL_REGULATION_BY_RUNX1	LIFR
REACTOME_TRANSCRIPTIONAL_REGULATION_BY_RUNX1	LMO1
REACTOME_TRANSCRIPTIONAL_REGULATION_BY_RUNX1	LMO2
REACTOME_TRANSCRIPTIONAL_REGULATION_BY_RUNX1	MIR27A
REACTOME_TRANSCRIPTIONAL_REGULATION_BY_RUNX1	MNAT1
REACTOME_TRANSCRIPTIONAL_REGULATION_BY_RUNX1	MOV10
REACTOME_TRANSCRIPTIONAL_REGULATION_BY_RUNX1	MYB
REACTOME_TRANSCRIPTIONAL_REGULATION_BY_RUNX1	MYL9
REACTOME_TRANSCRIPTIONAL_REGULATION_BY_RUNX1	NFATC2
REACTOME_TRANSCRIPTIONAL_REGULATION_BY_RUNX1	NFE2
REACTOME_TRANSCRIPTIONAL_REGULATION_BY_RUNX1	NR4A3
REACTOME_TRANSCRIPTIONAL_REGULATION_BY_RUNX1	OCLN
REACTOME_TRANSCRIPTIONAL_REGULATION_BY_RUNX1	PAX5
REACTOME_TRANSCRIPTIONAL_REGULATION_BY_RUNX1	PBRM1
REACTOME_TRANSCRIPTIONAL_REGULATION_BY_RUNX1	PCGF5
REACTOME_TRANSCRIPTIONAL_REGULATION_BY_RUNX1	PF4
REACTOME_TRANSCRIPTIONAL_REGULATION_BY_RUNX1	PHC1
REACTOME_TRANSCRIPTIONAL_REGULATION_BY_RUNX1	PHC2
REACTOME_TRANSCRIPTIONAL_REGULATION_BY_RUNX1	PHC3
REACTOME_TRANSCRIPTIONAL_REGULATION_BY_RUNX1	PML
REACTOME_TRANSCRIPTIONAL_REGULATION_BY_RUNX1	PRKCB
REACTOME_TRANSCRIPTIONAL_REGULATION_BY_RUNX1	PRKCQ
REACTOME_TRANSCRIPTIONAL_REGULATION_BY_RUNX1	PRMT1
REACTOME_TRANSCRIPTIONAL_REGULATION_BY_RUNX1	PRMT6
REACTOME_TRANSCRIPTIONAL_REGULATION_BY_RUNX1	PSMA1
REACTOME_TRANSCRIPTIONAL_REGULATION_BY_RUNX1	PSMA2
REACTOME_TRANSCRIPTIONAL_REGULATION_BY_RUNX1	PSMA3
REACTOME_TRANSCRIPTIONAL_REGULATION_BY_RUNX1	PSMA4
REACTOME_TRANSCRIPTIONAL_REGULATION_BY_RUNX1	PSMA5
REACTOME_TRANSCRIPTIONAL_REGULATION_BY_RUNX1	PSMA6
REACTOME_TRANSCRIPTIONAL_REGULATION_BY_RUNX1	PSMA7
REACTOME_TRANSCRIPTIONAL_REGULATION_BY_RUNX1	PSMA8
REACTOME_TRANSCRIPTIONAL_REGULATION_BY_RUNX1	PSMB1
REACTOME_TRANSCRIPTIONAL_REGULATION_BY_RUNX1	PSMB10
REACTOME_TRANSCRIPTIONAL_REGULATION_BY_RUNX1	PSMB11
REACTOME_TRANSCRIPTIONAL_REGULATION_BY_RUNX1	PSMB2
REACTOME_TRANSCRIPTIONAL_REGULATION_BY_RUNX1	PSMB3
REACTOME_TRANSCRIPTIONAL_REGULATION_BY_RUNX1	PSMB4
REACTOME_TRANSCRIPTIONAL_REGULATION_BY_RUNX1	PSMB5
REACTOME_TRANSCRIPTIONAL_REGULATION_BY_RUNX1	PSMB6
REACTOME_TRANSCRIPTIONAL_REGULATION_BY_RUNX1	PSMB7
REACTOME_TRANSCRIPTIONAL_REGULATION_BY_RUNX1	PSMB8
REACTOME_TRANSCRIPTIONAL_REGULATION_BY_RUNX1	PSMB9
REACTOME_TRANSCRIPTIONAL_REGULATION_BY_RUNX1	PSMC1
REACTOME_TRANSCRIPTIONAL_REGULATION_BY_RUNX1	PSMC2
REACTOME_TRANSCRIPTIONAL_REGULATION_BY_RUNX1	PSMC3
REACTOME_TRANSCRIPTIONAL_REGULATION_BY_RUNX1	PSMC4
REACTOME_TRANSCRIPTIONAL_REGULATION_BY_RUNX1	PSMC5
REACTOME_TRANSCRIPTIONAL_REGULATION_BY_RUNX1	PSMC6
REACTOME_TRANSCRIPTIONAL_REGULATION_BY_RUNX1	PSMD1
REACTOME_TRANSCRIPTIONAL_REGULATION_BY_RUNX1	PSMD10
REACTOME_TRANSCRIPTIONAL_REGULATION_BY_RUNX1	PSMD11
REACTOME_TRANSCRIPTIONAL_REGULATION_BY_RUNX1	PSMD12
REACTOME_TRANSCRIPTIONAL_REGULATION_BY_RUNX1	PSMD13
REACTOME_TRANSCRIPTIONAL_REGULATION_BY_RUNX1	PSMD14
REACTOME_TRANSCRIPTIONAL_REGULATION_BY_RUNX1	PSMD2
REACTOME_TRANSCRIPTIONAL_REGULATION_BY_RUNX1	PSMD3
REACTOME_TRANSCRIPTIONAL_REGULATION_BY_RUNX1	PSMD4
REACTOME_TRANSCRIPTIONAL_REGULATION_BY_RUNX1	PSMD5
REACTOME_TRANSCRIPTIONAL_REGULATION_BY_RUNX1	PSMD6
REACTOME_TRANSCRIPTIONAL_REGULATION_BY_RUNX1	PSMD7
REACTOME_TRANSCRIPTIONAL_REGULATION_BY_RUNX1	PSMD8
REACTOME_TRANSCRIPTIONAL_REGULATION_BY_RUNX1	PSMD9
REACTOME_TRANSCRIPTIONAL_REGULATION_BY_RUNX1	PSME1
REACTOME_TRANSCRIPTIONAL_REGULATION_BY_RUNX1	PSME2
REACTOME_TRANSCRIPTIONAL_REGULATION_BY_RUNX1	PSME3
REACTOME_TRANSCRIPTIONAL_REGULATION_BY_RUNX1	PSME4
REACTOME_TRANSCRIPTIONAL_REGULATION_BY_RUNX1	PSMF1
REACTOME_TRANSCRIPTIONAL_REGULATION_BY_RUNX1	PTPN11
REACTOME_TRANSCRIPTIONAL_REGULATION_BY_RUNX1	RBBP5
REACTOME_TRANSCRIPTIONAL_REGULATION_BY_RUNX1	RING1
REACTOME_TRANSCRIPTIONAL_REGULATION_BY_RUNX1	RNF2
REACTOME_TRANSCRIPTIONAL_REGULATION_BY_RUNX1	RPS27A
REACTOME_TRANSCRIPTIONAL_REGULATION_BY_RUNX1	RSPO3
REACTOME_TRANSCRIPTIONAL_REGULATION_BY_RUNX1	RUNX1
REACTOME_TRANSCRIPTIONAL_REGULATION_BY_RUNX1	RUNX2
REACTOME_TRANSCRIPTIONAL_REGULATION_BY_RUNX1	RYBP
REACTOME_TRANSCRIPTIONAL_REGULATION_BY_RUNX1	SCMH1
REACTOME_TRANSCRIPTIONAL_REGULATION_BY_RUNX1	SEM1
REACTOME_TRANSCRIPTIONAL_REGULATION_BY_RUNX1	SERPINB13
REACTOME_TRANSCRIPTIONAL_REGULATION_BY_RUNX1	SETD1A
REACTOME_TRANSCRIPTIONAL_REGULATION_BY_RUNX1	SETD1B
REACTOME_TRANSCRIPTIONAL_REGULATION_BY_RUNX1	SIN3A
REACTOME_TRANSCRIPTIONAL_REGULATION_BY_RUNX1	SIN3B
REACTOME_TRANSCRIPTIONAL_REGULATION_BY_RUNX1	SMARCA2
REACTOME_TRANSCRIPTIONAL_REGULATION_BY_RUNX1	SMARCA4
REACTOME_TRANSCRIPTIONAL_REGULATION_BY_RUNX1	SMARCB1
REACTOME_TRANSCRIPTIONAL_REGULATION_BY_RUNX1	SMARCC1
REACTOME_TRANSCRIPTIONAL_REGULATION_BY_RUNX1	SMARCC2
REACTOME_TRANSCRIPTIONAL_REGULATION_BY_RUNX1	SMARCD1
REACTOME_TRANSCRIPTIONAL_REGULATION_BY_RUNX1	SMARCD2
REACTOME_TRANSCRIPTIONAL_REGULATION_BY_RUNX1	SMARCD3
REACTOME_TRANSCRIPTIONAL_REGULATION_BY_RUNX1	SMARCE1
REACTOME_TRANSCRIPTIONAL_REGULATION_BY_RUNX1	SOCS3
REACTOME_TRANSCRIPTIONAL_REGULATION_BY_RUNX1	SOCS4
REACTOME_TRANSCRIPTIONAL_REGULATION_BY_RUNX1	SPI1
REACTOME_TRANSCRIPTIONAL_REGULATION_BY_RUNX1	SRC
REACTOME_TRANSCRIPTIONAL_REGULATION_BY_RUNX1	TAL1
REACTOME_TRANSCRIPTIONAL_REGULATION_BY_RUNX1	TCF12
REACTOME_TRANSCRIPTIONAL_REGULATION_BY_RUNX1	TCF3
REACTOME_TRANSCRIPTIONAL_REGULATION_BY_RUNX1	THBS1
REACTOME_TRANSCRIPTIONAL_REGULATION_BY_RUNX1	TJP1
REACTOME_TRANSCRIPTIONAL_REGULATION_BY_RUNX1	TNFRSF18
REACTOME_TRANSCRIPTIONAL_REGULATION_BY_RUNX1	TNRC6A
REACTOME_TRANSCRIPTIONAL_REGULATION_BY_RUNX1	TNRC6B
REACTOME_TRANSCRIPTIONAL_REGULATION_BY_RUNX1	TNRC6C
REACTOME_TRANSCRIPTIONAL_REGULATION_BY_RUNX1	TP73
REACTOME_TRANSCRIPTIONAL_REGULATION_BY_RUNX1	UBA52
REACTOME_TRANSCRIPTIONAL_REGULATION_BY_RUNX1	UBB
REACTOME_TRANSCRIPTIONAL_REGULATION_BY_RUNX1	UBC
REACTOME_TRANSCRIPTIONAL_REGULATION_BY_RUNX1	WDR5
REACTOME_TRANSCRIPTIONAL_REGULATION_BY_RUNX1	YAF2
REACTOME_TRANSCRIPTIONAL_REGULATION_BY_RUNX1	YAP1
REACTOME_TRANSCRIPTIONAL_REGULATION_BY_RUNX1	ZFPM1
